,player_id,reference_team,reference_date,team_id,p_firstname,p_lastname,p_age,p_nationality,season
0,134062,3322,2019-09-03,,,,,,
1,211684,708,2014-02-20,,,,,,
2,3989,3323,2015-02-03,,,,,,
3,3506,3337,2022-08-31,,,,,,
4,3581,2256,2018-01-05,,,,,,
5,74329,3337,2017-01-31,,,,,,
6,3733,3318,2018-08-17,,,,,,
7,3626,694,2016-07-22,,,,,,
8,74097,3325,2016-09-06,,,,,,
9,74519,694,2016-07-08,,,,,,
10,197611,3321,2021-09-05,,,,,,
11,4300,2256,2014-06-01,,,,,,
12,302088,577,2021-09-05,,,,,,
13,3484,15580,2021-07-18,,,,,,
14,210618,577,2012-08-29,,,,,,
15,210871,3318,2014-01-31,,,,,,
16,210983,577,2012-08-27,,,,,,
17,295338,15576,2022-07-11,,,,,,
18,211115,3324,2012-01-31,,,,,,
19,211154,3318,2012-08-30,,,,,,
20,74632,14395,2018-07-03,,,,,,
21,211313,3326,2012-08-10,,,,,,
22,211318,3324,2012-01-25,,,,,,
23,211367,577,2013-08-31,,,,,,
24,211413,708,2012-08-30,,,,,,
25,211436,708,2012-08-31,,,,,,
26,211700,577,2014-01-27,,,,,,
27,211733,13185,2014-01-01,,,,,,
28,211738,577,2013-01-30,,,,,,
29,74095,3318,2016-08-05,,,,,,
30,74617,4566,2019-01-07,,,,,,
31,4305,3336,2022-08-31,,,,,,
32,3964,3317,2015-07-13,,,,,,
33,4322,3318,2018-07-27,,,,,,
34,4209,3318,2018-08-16,,,,,,
35,97158,15577,2022-01-10,,,,,,
36,3486,493,2020-10-02,,,,,,
37,74514,3317,2015-08-22,,,,,,
38,3792,708,2013-01-01,,,,,,
39,4023,3326,2012-08-30,,,,,,
40,147956,577,2020-08-01,,,,,,
41,74555,577,2015-01-23,,,,,,
42,74085,3325,2016-02-01,,,,,,
43,74110,694,2015-07-01,,,,,,
44,74568,2256,2014-08-01,,,,,,
45,4287,708,2012-08-01,,,,,,
46,77705,10672,2016-01-01,,,,,,
47,55532,577,2022-07-01,,,,,,
48,211665,577,2015-01-22,,,,,,
49,26866,577,2021-08-06,,,,,,
50,74547,609,2017-08-01,,,,,,
51,14376,270,2017-08-02,,,,,,
52,3705,3320,2019-07-02,,,,,,
53,105284,577,2020-08-13,14146.0,Kenan,Horić,33.0,Bosnia and Herzegovina,2023.0
54,68361,6410,2018-07-01,,,,,,
55,66985,3740,2013-02-15,,,,,,
56,98163,693,2012-01-01,,,,,,
57,210996,2256,2014-08-22,,,,,,
58,258996,577,2013-02-01,,,,,,
59,228511,577,2016-01-30,,,,,,
60,67029,3738,2016-08-01,,,,,,
61,74340,3320,2015-01-21,,,,,,
62,80102,1018,2017-08-01,,,,,,
63,3509,4566,2019-06-07,,,,,,
64,59926,577,2017-07-01,,,,,,
65,48740,577,2020-10-08,,,,,,
66,74608,2212,2017-01-13,,,,,,
67,74526,577,2015-07-01,,,,,,
68,74508,2228,2018-01-10,,,,,,
69,210859,3322,2014-09-26,,,,,,
70,3808,3323,2020-07-01,,,,,,
71,105630,4482,2017-09-15,,,,,,
72,74592,2228,2016-01-01,,,,,,
73,117891,3838,2015-02-06,,,,,,
74,3498,577,2018-01-09,,,,,,
75,3488,14281,2019-08-16,,,,,,
76,74533,3320,2017-08-14,,,,,,
77,66785,2448,2018-03-18,,,,,,
78,14742,577,2018-01-12,,,,,,
79,3858,3325,2018-01-15,,,,,,
80,3518,708,2016-02-01,,,,,,
81,7788,577,2017-08-09,,,,,,
82,43265,4566,2022-08-19,,,,,,
83,56022,3326,2021-07-16,,,,,,
84,3564,3329,2018-01-31,,,,,,
85,3485,3320,2019-08-13,,,,,,
86,7917,680,2020-10-05,,,,,,
87,3510,2256,2022-08-20,,,,,,
88,74625,627,2018-07-01,,,,,,
89,65321,577,2021-08-31,,,,,,
90,97842,568,2015-08-01,,,,,,
91,3673,2261,2018-07-01,,,,,,
92,11073,577,2022-07-23,,,,,,
93,211245,3836,2013-01-31,,,,,,
94,7471,4627,2021-09-08,,,,,,
95,171562,577,2015-01-22,,,,,,
96,3504,1318,2019-08-20,,,,,,
97,74518,577,2014-06-01,,,,,,
98,74650,577,2018-01-31,,,,,,
99,164943,577,2013-07-01,,,,,,
100,3881,3326,2017-09-12,,,,,,
101,74584,3331,2016-07-25,,,,,,
102,211517,3324,2011-08-31,,,,,,
103,211699,577,2014-01-27,,,,,,
104,210379,577,2014-08-01,,,,,,
105,74541,577,150616,,,,,,
106,74090,1424,2015-07-20,,,,,,
107,3493,12772,2019-08-16,,,,,,
108,74164,3319,2013-08-31,,,,,,
109,74133,3836,2015-08-22,,,,,,
110,74572,577,2016-02-01,,,,,,
111,74493,2256,2017-01-31,,,,,,
112,74326,3839,2016-02-04,,,,,,
113,74585,577,2015-08-02,,,,,,
114,74581,577,020816,,,,,,
115,74596,15573,2018-08-20,,,,,,
116,74597,577,2015-07-01,,,,,,
117,74444,3320,2015-08-31,,,,,,
118,74551,577,2011-08-31,,,,,,
119,111255,577,2017-08-28,,,,,,
120,116651,577,2014-01-27,,,,,,
121,74538,3318,2018-01-06,,,,,,
122,3744,3339,2014-01-31,,,,,,
123,334505,577,2022-08-22,577.0,Abdou,M'bark el id,24.0,Mauritania,2023.0
124,74327,3838,2013-01-31,,,,,,
125,74576,4671,2014-08-15,,,,,,
126,58367,1941,2015-01-01,,,,,,
127,3494,3153,2020-07-23,,,,,,
128,3612,14392,2022-08-13,,,,,,
129,56779,4619,2021-01-23,,,,,,
130,319520,577,2022-07-07,,,,,,
131,59537,577,2023-01-31,,,,,,
132,406158,3322,2023-07-17,,,,,,
133,406254,3323,2023-01-31,,,,,,
134,406255,3323,2023-01-31,577.0,Shamsuddeen,Sani,21.0,Nigeria,2023.0
135,421919,3336,2023-08-15,,,,,,
136,406157,577,2023-01-31,,,,,,
137,3474,3325,2023-01-16,3329.0,Kristi,Kote,26.0,Albania,2023.0
138,3675,3329,2023-08-26,3329.0,Elian,Çelaj,25.0,Albania,2023.0
139,3522,3327,2022-07-01,3327.0,Emiljano,Musta,32.0,Albania,2023.0
140,61305,3551,2019-01-29,10542.0,Dino,Špehar,30.0,Croatia,2023.0
141,61305,3551,2019-01-29,677.0,Dino,Špehar,29.0,Croatia,2023.0
142,123691,577,2018-01-09,12561.0,Nicholas Lee,Dillon,27.0,Trinidad and Tobago,2023.0
143,14433,128,2016-07-26,4215.0,Mateus,Lima Cruz,31.0,Brazil,2023.0
144,426740,577,2023-07-01,577.0,Blerim,Sahitaj,24.0,Kosovo,2023.0
145,292224,3340,2022-08-09,,,,,,
146,74093,3319,2015-09-12,,,,,,
147,3528,3317,2018-11-20,12772.0,Élton,Pereira Gomes,36.0,Brazil,2023.0
148,80194,12772,2023-08-23,12772.0,Edi,Baša,31.0,Croatia,2023.0
149,147957,12733,2021-09-06,12772.0,Arens,Mateli,24.0,Albania,2023.0
150,63409,3326,2021-07-15,12772.0,Besir,Demiri,30.0,Albania,2023.0
151,63502,12772,2023-08-21,12772.0,Betim,Halimi,28.0,Kosovo,2023.0
152,74604,3885,2017-06-01,4132.0,Lapidar,Lladrovci,34.0,Kosovo,2023.0
153,109569,4132,2023-08-01,4132.0,Jakup,Berisha,24.0,North Macedonia,2023.0
154,271068,577,2016-07-01,4132.0,Armend,Halili,27.0,Kosovo,2023.0
155,271068,577,2016-07-01,12772.0,Armend,Halili,27.0,Kosovo,2023.0
156,3487,14281,2019-07-24,14281.0,Faton,Maloku,33.0,Kosovo,2023.0
157,3503,12772,2020-09-22,12772.0,Besar,Musolli,35.0,Kosovo,2023.0
158,3503,12772,2020-09-22,14395.0,Besar,Musolli,35.0,Kosovo,2023.0
159,3709,4132,2020-08-04,14395.0,Ilir,Avdyli,34.0,Kosovo,2023.0
160,74665,2256,2018-08-31,12733.0,Albin,Berisha,23.0,Kosovo,2023.0
161,3502,694,2021-07-01,12733.0,Vesel,Limaj,28.0,Germany,2023.0
162,3495,708,2019-07-01,2256.0,William,Cordeiro Melo,31.0,Brazil,2023.0
163,14317,554,2020-08-01,694.0,Kristal,Abazaj,28.0,Albania,2023.0
164,3578,2256,2017-01-20,694.0,Fjoart,Jonuzi,28.0,Albania,2023.0
165,74663,3321,2023-01-26,694.0,Rimal,Haxhiu,25.0,Albania,2023.0
166,3594,694,2022-08-31,694.0,Bruno,Lulaj,29.0,Albania,2023.0
167,48587,708,2023-07-06,708.0,Gjelbrim,Taipi,32.0,Kosovo,2023.0
168,74667,708,2023-08-19,577.0,Altin,Bytyçi,22.0,Kosovo,2023.0
169,74667,708,2023-08-19,708.0,Altin,Bytyçi,23.0,Kosovo,2023.0
170,3687,3327,2023-07-06,3327.0,Edison,Ndreca,30.0,Albania,2023.0
171,3743,708,2016-08-08,3327.0,Renato,Malota,35.0,Albania,2023.0
172,3507,3337,2019-09-01,,,,,,
173,3532,3336,2021-09-04,,,,,,
174,420155,3324,2023-08-01,,,,,,
175,152724,577,2023-08-31,577.0,Xhoi,Hajdëraj,24.0,Albania,2023.0
176,353662,3836,2023-01-31,3329.0,Elvis,Gjoni,23.0,Albania,2023.0
177,145742,577,2023-07-01,577.0,Redi,Veriu,24.0,Albania,2023.0
178,292223,3322,2022-07-07,,,,,,
179,74500,3318,2016-09-20,,,,,,
180,3868,3322,2017-09-14,,,,,,
181,152713,10720,2022-08-31,,,,,,
182,3791,3329,2020-08-22,,,,,,
183,147803,3331,2023-08-30,,,,,,
184,3951,3836,2013-08-30,,,,,,
185,74427,3836,2013-08-30,,,,,,
186,39402,577,2023-08-23,577.0,Sebastián Milton,La Torre Miranda,26.0,Peru,2023.0
187,3490,3327,2020-08-31,3329.0,Gëzim,Krasniqi,34.0,Albania,2023.0
188,3632,694,2017-09-04,,,,,,
189,3477,2270,2020-09-26,708.0,Bruno,Telushi,34.0,Albania,2023.0
190,3469,694,2022-07-01,694.0,Ardit,Hila,31.0,Albania,2023.0
191,3633,3339,2017-07-29,,,,,,
192,3689,3318,2017-08-31,,,,,,
193,4310,3336,2022-08-15,,,,,,
194,3480,3320,2023-01-31,3320.0,Klejdi,Daci,25.0,Albania,2023.0
195,71579,3320,2023-07-01,3320.0,Ergys,Peposhi,24.0,Albania,2023.0
196,3635,694,2013-08-30,3320.0,Erando,Karabeci,36.0,Albania,2023.0
197,3496,3320,2019-07-31,3320.0,Arbër,Çyrbja,31.0,Albania,2023.0
198,3496,3320,2019-07-31,14393.0,Arbër,Çyrbja,30.0,Albania,2023.0
199,3515,3320,2021-07-01,3320.0,Blerim,Kotobelli,32.0,Albania,2023.0
200,74606,3317,2018-08-20,3320.0,Albi,Alla,31.0,Albania,2023.0
201,163432,577,2023-08-01,577.0,Atdhe,Rashiti,25.0,Albania,2023.0
202,163432,577,2023-08-01,12772.0,Atdhe,Rashiti,25.0,Albania,2023.0
203,404516,577,2023-09-19,577.0,Alen,Ndreu,20.0,Albania,2023.0
204,404516,577,2023-09-19,3326.0,Alen,Ndreu,19.0,Albania,2023.0
205,128188,577,2023-08-25,577.0,Arbër,Mehmetllari,24.0,Albania,2023.0
206,128188,577,2023-08-25,2256.0,Arbër,Mehmetllari,23.0,Albania,2023.0
207,195063,577,2023-07-03,577.0,Mario,Beshiraj,25.0,Albania,2023.0
208,335196,577,2022-10-01,577.0,Endri,Murati,23.0,Albania,2023.0
209,3366,577,2022-08-22,577.0,Abdou,M'Bark El Id,25.0,Mauritania,2023.0
210,290149,577,2022-07-17,577.0,Françesko,Hasaj,23.0,Albania,2023.0
211,3720,577,2023-07-20,577.0,Plarent,Fejzaj,27.0,Albania,2023.0
212,144066,577,2023-08-31,577.0,Matheus,da Motta Donha Fernandes,27.0,Brazil,2023.0
213,3692,577,2022-07-14,577.0,Arbër,Basha,26.0,Albania,2023.0
214,31839,577,2023-07-10,577.0,Vasilios,Zogos,25.0,Greece,2023.0
215,147807,577,2023-08-23,577.0,Endri,Reçi,24.0,Albania,2023.0
216,27028,577,2023-01-12,577.0,Franko,Lamçe,26.0,Albania,2023.0
217,3875,577,2023-08-15,577.0,Franci,Lala,25.0,Albania,2023.0
218,189040,577,2023-08-08,577.0,Nikolin,Duka,24.0,Albania,2023.0
219,189040,577,2023-08-08,2256.0,Nikolin,Duka,23.0,Albania,2023.0
220,3832,3339,2023-07-01,577.0,Redon,Dragoshi,24.0,Albania,2023.0
221,3832,3339,2023-07-01,3339.0,Redon,Dragoshi,24.0,Albania,2023.0
222,405938,577,2023-09-22,577.0,Igli,Çulaj,22.0,Albania,2023.0
223,204200,577,2023-08-01,577.0,Angelo,Tafas,24.0,Albania,2023.0
224,204200,577,2023-08-01,12772.0,Angelo,Tafas,24.0,Albania,2023.0
225,3913,3325,2018-08-23,3329.0,Ardit,Peposhi,31.0,Albania,2023.0
226,3456,3329,2022-07-19,3329.0,Dashamir,Xhika,35.0,Albania,2023.0
227,4280,3337,2018-01-20,3329.0,Klevis,Hasanbelli,27.0,Albania,2023.0
228,137402,22247,2023-09-13,3326.0,Jorgo,Meksi,29.0,Albania,2023.0
229,3651,2261,2018-08-31,3326.0,Rustem,Hoxha,33.0,Albania,2023.0
230,74544,577,2012-07-01,,,,,,
231,3702,3329,2021-08-25,3326.0,Ersil,Ymeri,29.0,Albania,2023.0
232,3500,3331,2020-10-07,,,,,,
233,76902,679,2021-07-01,6224.0,Numan,Kurdić,25.0,Bosnia and Herzegovina,2023.0
234,73249,3361,2023-07-01,3361.0,Mirza,Delimeđac,25.0,Bosnia and Herzegovina,2023.0
235,74562,577,2015-07-01,,,,,,
236,67260,2206,2017-01-01,,,,,,
237,78074,3319,2014-01-31,,,,,,
238,25843,3885,2017-06-15,,,,,,
239,41289,4450,2023-09-15,4450.0,Johnson,Oppong Owusu,26.0,Ghana,2023.0
240,3605,1483,2022-07-01,1483.0,Jorgo,Pëllumbi,24.0,Albania,2023.0
241,3605,1483,2022-07-01,2392.0,Jorgo,Pëllumbi,24.0,Albania,2023.0
242,3609,4552,2023-07-04,,,,,,
243,24639,685,2021-08-01,,,,,,
244,3491,577,2018-07-01,4346.0,Edis,Malikji,29.0,North Macedonia,2023.0
245,71375,577,2021-09-05,2524.0,Luka,Milunović,32.0,Serbia,2023.0
246,106968,577,2021-09-05,691.0,Artiom,Puntus,29.0,Moldova,2023.0
247,3940,3885,2018-01-25,,,,,,
248,146022,12423,2018-07-01,5172.0,Kufre,Ebong,29.0,Nigeria,2023.0
249,43044,4801,2023-01-01,,,,,,
250,91431,957,2023-07-01,,,,,,
251,106216,577,2013-01-30,,,,,,
252,14500,2256,2020-10-01,,,,,,
253,40622,2896,2021-07-01,699.0,Patrick Friday,Eze,32.0,Nigeria,2023.0
254,55384,1401,2017-07-18,3627.0,Lucas Rangel,Nunes Gonçalves,30.0,Brazil,2023.0
255,77076,4223,2023-01-01,4223.0,Tarik,Isić,30.0,Bosnia and Herzegovina,2023.0
256,80162,148,2023-04-06,,,,,,
257,80698,142,2017-01-02,,,,,,
258,127580,577,2022-08-24,,,,,,
259,169199,577,2024-01-05,577.0,Kleandro,Lleshi,25.0,Albania,2023.0
260,16200,4322,2021-06-21,,,,,,
261,405233,577,2023-01-25,577.0,Erduan,Smajli,21.0,Switzerland,2023.0
262,41828,577,2024-01-13,577.0,Felipe Ryan,Alves Silva,27.0,Brazil,2023.0
263,41828,577,2024-01-13,1416.0,Felipe Ryan,Alves Silva,27.0,Brazil,2023.0
264,3953,577,2024-01-05,577.0,Geri,Selita,23.0,Albania,2023.0
265,3953,577,2024-01-05,3327.0,Geri,Selita,23.0,Albania,2023.0
266,88597,577,2024-01-14,577.0,Alexandre,de Oliveira Macedo Júnior,28.0,Brazil,2023.0
267,311563,577,2024-01-13,577.0,Kristian,Rroku,21.0,Albania,2023.0
268,27386,577,2024-01-13,577.0,Stefan,Abara,25.0,Albania,2023.0
269,156439,577,2024-01-19,577.0,Nicolai,Solodovnicov,24.0,Moldova,2023.0
270,156439,577,2024-01-19,5376.0,Nicolai,Solodovnicov,24.0,Moldova,2023.0
271,88560,577,2024-01-19,577.0,Theodoros,Mingos,26.0,Greece,2023.0
272,295287,577,2024-01-12,577.0,Melos,Zenunaj,24.0,Kosovo,2023.0
273,295287,577,2024-01-12,14402.0,Melos,Zenunaj,23.0,Kosovo,2023.0
274,66905,577,2021-07-12,2258.0,Aleksandar,Milić,26.0,Montenegro,2023.0
275,45384,3747,2022-07-01,3747.0,Alija,Krnić,26.0,Montenegro,2023.0
276,14655,616,2020-01-01,1083.0,Mirlind,Daku,26.0,Albania,2023.0
277,3505,3578,2020-09-18,3578.0,Eduart,Rroca,31.0,Albania,2023.0
278,2154,1022,2014-08-01,607.0,Sokol,Çikalleshi,34.0,Albania,2023.0
279,3499,3578,2021-01-05,607.0,Valon,Ethemi,27.0,North Macedonia,2023.0
280,3499,3578,2021-01-05,3578.0,Valon,Ethemi,27.0,North Macedonia,2023.0
281,7476,1397,2022-01-24,,,,,,
282,66105,577,2018-07-01,,,,,,
283,87027,648,2019-02-02,,,,,,
284,55892,2589,2021-07-01,,,,,,
285,80099,4196,2020-02-01,,,,,,
286,14635,4659,2023-02-19,,,,,,
287,3698,10124,2019-07-01,2599.0,Roger Junio,Rodrigues Ferreira,28.0,Brazil,2023.0
288,125709,577,2020-01-31,,,,,,
289,11003,577,2022-08-15,,,,,,
290,3492,2589,2020-01-20,,,,,,
291,8713,624,2018-07-01,3578.0,Sindrit,Guri,31.0,Albania,2023.0
292,4016,3332,2015-09-11,,,,,,
293,3987,2261,2010-09-01,,,,,,
294,7282,1396,2017-07-01,,,,,,
295,93757,605,2020-01-31,,,,,,
296,211635,374,2011-01-01,,,,,,
297,145730,4346,2020-09-02,,,,,,
298,74594,4132,2016-07-01,,,,,,
299,199633,4633,2022-03-29,,,,,,
300,29772,2733,2019-01-06,,,,,,
301,110200,666,2015-07-01,,,,,,
302,4242,3334,2016-09-20,,,,,,
303,3784,3319,2020-01-24,,,,,,
304,3770,694,2020-08-15,,,,,,
305,3625,694,2013-08-30,,,,,,
306,4093,3320,2014-07-01,,,,,,
307,3899,605,2020-10-02,,,,,,
308,147958,9787,2020-11-06,,,,,,
309,180983,9809,2019-11-30,,,,,,
310,3610,3749,2019-07-01,,,,,,
311,4297,3325,2010-07-01,,,,,,
312,3627,605,2019-08-08,,,,,,
313,137453,605,2019-08-31,,,,,,
314,166369,2261,2013-01-30,,,,,,
315,210840,2261,2015-02-05,,,,,,
316,210954,3328,2011-08-31,,,,,,
317,211793,3382,2012-01-16,,,,,,
318,211801,3838,2015-09-01,,,,,,
319,211737,605,2012-08-31,,,,,,
320,105663,680,2018-06-01,,,,,,
321,3930,3322,2017-09-01,,,,,,
322,290561,12772,2021-01-30,,,,,,
323,301684,605,2021-01-31,,,,,,
324,284891,12250,2021-02-22,,,,,,
325,74673,2599,2019-10-07,,,,,,
326,134077,4333,2011-07-01,,,,,,
327,3595,1019,2019-08-28,,,,,,
328,3529,3321,2015-01-31,,,,,,
329,3599,2659,2019-07-01,,,,,,
330,133594,605,2012-08-29,,,,,,
331,3602,7257,2021-07-01,,,,,,
332,4161,694,2013-08-30,,,,,,
333,278588,13855,2018-01-01,,,,,,
334,3592,2261,2019-08-21,,,,,,
335,4332,3336,2018-08-31,,,,,,
336,74580,605,2015-08-31,,,,,,
337,4028,3321,2014-01-24,,,,,,
338,14321,4356,2013-08-15,,,,,,
339,106917,574,2015-07-01,,,,,,
340,66978,3739,2017-08-17,,,,,,
341,3524,605,2019-08-20,,,,,,
342,31216,605,2021-07-23,,,,,,
343,30774,495,2021-07-01,,,,,,
344,74552,605,2016-01-08,,,,,,
345,57000,605,2016-08-05,,,,,,
346,66290,605,2017-08-31,,,,,,
347,3604,605,2017-01-30,,,,,,
348,3786,3325,2013-08-10,,,,,,
349,74628,4021,2018-06-21,,,,,,
350,3542,3320,2018-08-07,,,,,,
351,3536,708,2016-06-20,,,,,,
352,3598,3787,2019-06-04,,,,,,
353,3750,694,2013-07-26,,,,,,
354,210728,4375,2012-01-01,,,,,,
355,131382,5727,2015-01-01,,,,,,
356,74607,2542,2016-09-01,,,,,,
357,74517,627,2018-07-01,,,,,,
358,3538,605,2020-10-02,,,,,,
359,3590,680,2019-08-05,,,,,,
360,76349,4558,2017-06-17,,,,,,
361,210727,946,2012-08-15,,,,,,
362,7292,605,2021-07-23,,,,,,
363,10652,605,2015-07-08,,,,,,
364,100241,605,2020-10-02,,,,,,
365,137396,605,2019-08-31,,,,,,
366,3682,694,2017-09-29,,,,,,
367,74138,11147,2014-09-25,,,,,,
368,100398,3325,2012-07-01,,,,,,
369,3721,3318,2017-08-01,,,,,,
370,74553,694,2013-08-30,,,,,,
371,74134,3319,2015-08-31,,,,,,
372,42951,2606,2017-07-27,,,,,,
373,290767,605,2022-08-31,605.0,Franko,Kapllani,22.0,Albania,2023.0
374,3516,3317,2010-01-30,,,,,,
375,69190,7507,2019-09-10,,,,,,
376,145753,7507,2018-09-01,,,,,,
377,115767,15106,2015-01-01,,,,,,
378,210348,3885,2014-08-29,,,,,,
379,3833,3319,2021-01-30,3329.0,Amer,Duka,25.0,Albania,2023.0
380,385976,20139,2011-08-01,,,,,,
381,109622,609,2022-07-01,4197.0,Leard,Sadriu,23.0,Kosovo,2023.0
382,160977,3885,2018-01-30,,,,,,
383,74504,627,2018-07-01,,,,,,
384,3603,3595,2022-07-01,,,,,,
385,3611,3320,2020-09-28,,,,,,
386,119355,3499,2022-08-19,,,,,,
387,109531,3322,2017-02-02,2644.0,Geoffrey Charles,Chinedu,27.0,Nigeria,2023.0
388,74655,14395,2018-07-02,12772.0,Shend,Kelmendi,30.0,Kosovo,2023.0
389,74611,4330,2016-08-01,12772.0,Valjmir,Nafiu,29.0,North Macedonia,2023.0
390,3691,3339,2022-07-01,12772.0,Dajan,Shehi,27.0,Albania,2023.0
391,297536,2265,2022-07-01,12772.0,Melos,Bajrami,23.0,Kosovo,2023.0
392,297536,2265,2022-07-01,4196.0,Melos,Bajrami,23.0,Kosovo,2023.0
393,204138,4132,2021-08-18,4132.0,Alban,Shabani,24.0,Kosovo,2023.0
394,157190,4132,2016-01-06,14393.0,Bujar,Shabani,34.0,Kosovo,2023.0
395,3613,3320,2020-08-12,14281.0,Blerim,Krasniqi,28.0,Albania,2023.0
396,107484,14281,2020-01-16,14281.0,Almir,Ajzeraj,27.0,Kosovo,2023.0
397,133922,14281,2022-07-01,14281.0,Leonat,Vitija,24.0,Kosovo,2023.0
398,3601,12733,2020-08-19,12733.0,Nazmi,Gripshi,27.0,Albania,2023.0
399,3593,12733,2020-08-06,12733.0,Bajram,Jashanica,34.0,Kosovo,2023.0
400,3511,12772,2020-07-30,12733.0,Enea,Koliçi,38.0,Albania,2023.0
401,47940,2167,2019-02-23,4119.0,Beneyam Belye,Demte,26.0,Ethiopia,2023.0
402,145759,7507,2016-09-01,,,,,,
403,4275,3838,2015-09-11,,,,,,
404,210976,11147,2013-10-20,,,,,,
405,268119,3334,2015-09-11,,,,,,
406,3656,4671,2023-09-21,,,,,,
407,286675,17740,2022-09-29,,,,,,
408,338315,3334,2023-09-21,,,,,,
409,3615,3334,2023-09-20,605.0,Jorgo,Qeleshi,22.0,Albania,2023.0
410,4274,3334,2018-08-01,,,,,,
411,341031,3334,2023-09-21,,,,,,
412,145758,11147,2013-10-20,,,,,,
413,286676,3836,2022-08-31,,,,,,
414,3461,20406,2023-07-01,,,,,,
415,3550,648,2016-06-22,14395.0,Gerhard,Progni,37.0,Albania,2023.0
416,80531,605,2021-08-28,,,,,,
417,286995,3327,2021-08-01,6402.0,Dujardin,Remi,27.0,"Hong Kong, China",2023.0
418,3596,581,2020-02-01,,,,,,
419,3489,12832,2021-07-16,,,,,,
420,32361,605,2023-08-24,605.0,Jourdain Ronaldo,Fletcher,26.0,Jamaica,2023.0
421,32361,605,2023-08-24,3441.0,Jourdain Ronaldo,Fletcher,26.0,Jamaica,2023.0
422,3600,609,2020-07-31,609.0,Bruno,Dita,31.0,Albania,2023.0
423,11312,953,2018-07-03,2265.0,Suad,Sahiti,29.0,Kosovo,2023.0
424,74645,3325,2023-01-14,4346.0,Vangjel,Zguro,31.0,Albania,2023.0
425,326790,2504,2023-07-01,2504.0,Abdul,Abdeen Temitope,29.0,Republic of Ireland,2023.0
426,156144,605,2021-07-15,,,,,,
427,54647,214,2016-08-01,,,,,,
428,3920,3325,2019-07-02,,,,,,
429,27080,605,2018-08-31,,,,,,
430,3723,3318,2018-08-01,,,,,,
431,284890,9030,2022-01-10,,,,,,
432,54418,7858,2017-01-18,,,,,,
433,146044,1483,2020-09-11,1483.0,Agon,Elezi,23.0,North Macedonia,2023.0
434,146044,1483,2020-09-11,176.0,Agon,Elezi,23.0,North Macedonia,2023.0
435,61881,3575,2018-08-21,2254.0,Bakary,Nimaga,30.0,Mali,2023.0
436,1249,631,2016-01-04,598.0,Peter,Oladeji Olayinka,29.0,Nigeria,2023.0
437,3606,616,2019-07-01,,,,,,
438,135857,2110,2021-07-01,956.0,Alexandros,Tereziou,24.0,Greece,2023.0
439,3608,9390,2019-08-01,,,,,,
440,109559,2265,2018-07-10,133.0,Sérgio Antonio,Da Luiz Junior,29.0,Brazil,2023.0
441,53545,1082,2016-01-13,1085.0,Bernard,Berisha,33.0,Kosovo,2023.0
442,48211,374,2019-02-03,783.0,Fidan,Aliti,31.0,Kosovo,2023.0
443,48211,374,2019-02-03,996.0,Fidan,Aliti,31.0,Kosovo,2023.0
444,137403,3885,2020-01-31,,,,,,
445,74610,3320,2016-08-15,,,,,,
446,11012,605,2017-08-02,1010.0,Ali,Sowe,30.0,Gambia,2023.0
447,3614,680,2020-01-07,,,,,,
448,3759,5499,2023-01-22,,,,,,
449,4336,3339,2023-08-28,3339.0,Dritmir,Beci,28.0,Albania,2023.0
450,37022,9234,2017-01-31,3329.0,Agim,Zeka,26.0,Albania,2023.0
451,4277,3334,2018-08-01,3329.0,Anteo,Osmanllari,26.0,Albania,2023.0
452,28476,2391,2017-08-25,694.0,Liridon,Latifi,30.0,Albania,2023.0
453,74545,609,2018-07-20,694.0,Gledi,Mici,33.0,Albania,2023.0
454,3665,2261,2019-01-05,3320.0,Realdo,Fili,28.0,Albania,2023.0
455,3631,3320,2020-09-01,3320.0,Asjon,Daja,34.0,Albania,2023.0
456,3716,14392,2021-01-31,3320.0,Harallamb,Qaqi,31.0,Albania,2023.0
457,280272,4487,2022-07-01,708.0,Alfred,Mensah,25.0,Ghana,2023.0
458,27247,2111,2018-08-21,708.0,Emiljano,Vila,36.0,Albania,2023.0
459,3530,708,2021-07-01,708.0,Arinaldo,Rrapaj,23.0,Albania,2023.0
460,145754,3318,2011-08-31,,,,,,
461,268404,10726,2019-09-01,,,,,,
462,3553,3836,2023-09-15,,,,,,
463,3607,3326,2019-08-31,,,,,,
464,265515,3321,2021-07-01,,,,,,
465,3727,3339,2017-08-11,,,,,,
466,3666,3336,2023-08-03,3327.0,Erald,Hyseni,25.0,Albania,2023.0
467,363898,605,2024-07-01,605.0,Kevin,Hysolli,20.0,Albania,2023.0
468,74510,2256,2012-07-25,,,,,,
469,3539,3317,2024-01-31,605.0,Erlis,Frashëri,36.0,Albania,2023.0
470,3589,708,2019-07-04,708.0,Aldo,Teqja,29.0,Albania,2023.0
471,387450,3333,2023-09-12,,,,,,
472,109589,609,2022-06-30,708.0,Bekim,Redjepi,28.0,North Macedonia,2023.0
473,109589,609,2022-06-30,3326.0,Bekim,Redjepi,28.0,North Macedonia,2023.0
474,314303,605,2023-08-14,605.0,Uche Great,Sabastine,24.0,Nigeria,2023.0
475,382272,605,2023-07-01,605.0,Ermir,Rashica,20.0,Albania,2023.0
476,321770,605,2021-07-05,605.0,Ardit,Nikaj,22.0,Albania,2023.0
477,109578,605,2023-07-01,605.0,Suhejlj,Muharem,23.0,North Macedonia,2023.0
478,444167,605,2024-07-01,605.0,Emmanuel Ifeanyi,Godday,20.0,Nigeria,2023.0
479,439536,605,2023-08-13,605.0,Ivan Cabrel,Djantou Tchaboutang,22.0,Cameroon,2023.0
480,291977,605,2024-01-06,605.0,Kostika,Beçka,21.0,Albania,2023.0
481,385740,605,2023-08-31,605.0,Nnamdi Franklin,Ahanonu,22.0,Nigeria,2023.0
482,136060,605,2023-08-24,605.0,Riliwan Oyindamola,Rabiu,24.0,Nigeria,2023.0
483,3885,605,2022-08-31,605.0,Gresild,Lika,27.0,Albania,2023.0
484,281283,605,2022-08-31,605.0,Dean,Liço,24.0,Albania,2023.0
485,368911,605,2023-09-01,605.0,Erest,Lamellari,20.0,Albania,2023.0
486,354203,605,2023-08-24,605.0,Dejvid,Janaqi,21.0,Albania,2023.0
487,290148,605,2023-07-19,605.0,Yuri Merlim,dos Santos Carvalho,26.0,Brazil,2023.0
488,161679,605,2022-01-14,605.0,Ramin,Alii,23.0,North Macedonia,2023.0
489,4353,605,2023-08-01,605.0,Klevis,Shaqe,25.0,Albania,2023.0
490,204066,605,2023-07-19,605.0,Andrea,Gerco,24.0,Albania,2023.0
491,74636,605,2022-08-01,605.0,Elvis,Prençi,31.0,Albania,2023.0
492,152714,605,2023-08-01,605.0,Marcos Matheus,de Oliveira Ramos,25.0,Brazil,2023.0
493,290151,605,2022-07-04,605.0,Herdis,Alliu,26.0,Albania,2023.0
494,1832,605,2023-07-01,605.0,Marco,Alia,24.0,Albania,2023.0
495,74539,14394,2019-03-11,,,,,,
496,3479,3319,2021-01-14,,,,,,
497,386261,3836,2023-01-27,,,,,,
498,3789,3340,2022-08-05,,,,,,
499,3623,3339,2020-09-14,,,,,,
500,3645,3340,2023-07-01,,,,,,
501,3572,694,2022-08-25,,,,,,
502,3588,2256,2021-07-01,2256.0,Mario,Dajsinani,26.0,Albania,2023.0
503,257407,14008,2023-09-11,14008.0,Abbey,Agbodzie,25.0,Ghana,2023.0
